Sunspots,
0.12,
0.45,
0.38,
0.60,
0.75,
0.55,
0.82,
0.91,
0.77,
0.69,
0.85,
0.95,
1.10,
1.05,
0.98,
1.15,
1.25,
1.18,
1.30,
1.22,
1.10,
0.95,
0.88,
0.80,
0.72,
0.65,
0.60,
0.58,
0.62,
0.70,
0.75,
0.82,
0.90,
0.95,
1.00,
1.05,
1.10,
1.15,
1.20,
1.25,
1.30,
1.28,
1.22,
1.15,
1.08,
1.00,
0.92,
0.85,
0.78,
0.70,
0.65,
0.60,
0.55,
0.50,
0.48,
0.45,
0.42,
0.40,
58,
62,
70,
55,
85,
83,
94,
66,
75,
71,
80,
85,
92,
100,
110,
120,
130,
125,
140,
135,
128,
115,
100,
95,
88,
76,
65,
60,
58,
62,
70,
75,
80,
85,
90,
95,
100,
105,
110,
115,
120,
125,
130,
135,
140,
138,
132,
125,
118,
110,
102,
95,
88,
82,
76,
70,
65,
60,
